{
    "format_version": "1.17.100",
    "minecraft:entity": {
        "description": {
            "identifier": "binocraft:floating_text",
            "is_spawnable": true,
            "is_summonable": true,
            "is_experimental": false
        },
        "components": {
            "minecraft:type_family": {
                "family": [
                    "binocraft"
                ]
            },
            "minecraft:fire_immune": true,
            "minecraft:movement": {
                "value": 0
            },
            "minecraft:damage_sensor": {
                "triggers": [
                    {
                        "cause": "all",
                        "deals_damage": false
                    }
                ]
            },
            "minecraft:health": {
                "value": 999999
            },
            "minecraft:nameable": {
                "allow_name_tag_renaming": true,
                "always_show": true
            },
            "minecraft:collision_box": {
                "width": -1,
                "height": -1
            },
            "minecraft:push_through": {
                "value": 1
            },
            "minecraft:scale": {
                "value": 0
            },
            "minecraft:knockback_resistance": {
                "value": 100,
                "max": 100
            },
            "minecraft:physics": {
                "has_gravity": false,
                "has_collision": false
            },
            "minecraft:pushable": {
                "is_pushable": false,
                "is_pushable_by_piston": false
            },
            "minecraft:navigation.walk": {
                "can_sink": false
            },
            "minecraft:ground_offset": {
                "value": 100
            }
        },
        "events": {
            "test": {
                "run_command": {
                    "command": [
                        "tellraw @s {\"rawtext\":[{\"text\":\"§cYou need to enter all Aguments of the command -createlb Correct Sytax is:\n-createlb <Objective> <x> <y> <z>!\nObjective: must be all letters and 16 or less characters\nx,y,z: must be a whole number and a integer\"}]}"
                    ]
                }
            }
        }
    }
}